Campaign Name,Advertiser,Network,Traffic Source,Campaign Type,Live Date,Status,Campaign Health,Daily Spend,Revenue,Profit,ROI,CPC,Clicks,Conversions,Budget,Keywords Updated,Ads Reviewed,Issue,Solution,Manager Review
Trivago De,Awin,Direct,Google PPC,Travel,20-07-26,Live,Healthy,"₹12,730.28","₹26,397.89","₹13,667.61",107.36,₹3.86,3298,533,"₹13,500.00",Generic,Good
Trivago UK,Awin,Impatify,Google PPC,Travel,20-07-26,Live,Healthy,"₹6,711.66","₹16,313.47","₹9,601.81",143.06,₹4.86,1381,181,"₹7,000.00",Generic,Good
Trivago NZ,Awin,Impatify,Google PPC,Travel,20-07-26,Live,Healthy,"₹6,118.20","₹12,306.64","₹6,188.44",101.15,₹4.12,1485,201,"₹6,500.00",Generic,Good
Trivago Ca,Awin,Impatify,Google PPC,Travel,20-07-26,Live,Healthy,"₹4,110.80","₹11,430.18","₹7,319.38",178.05,₹2.15,1912,188,"₹5,000.00",Generic,Good
Trivago De,Awin,Direct,Google PPC,Travel,21-07-26,Live,Healthy,"₹13,197.34","₹29,419.04","₹16,221.70",122.92,₹3.86,3419,594,"₹13,500.00",Generic,Good
Trivago UK,Awin,Impatify,Google PPC,Travel,21-07-26,Live,Healthy,"₹7,051.86","₹16,222.44","₹9,170.58",130.04,₹4.86,1451,180,"₹7,000.00",Generic,Good
Trivago NZ,Awin,Impatify,Google PPC,Travel,21-07-26,Live,Healthy,"₹5,751.52","₹11,505.60","₹5,754.08",100.04,₹4.12,1396,188,"₹6,500.00",Generic,Good
Trivago Ca,Awin,Impatify,Google PPC,Travel,21-07-26,Live,Healthy,"₹4,192.26","₹11,742.48","₹7,550.22",180.10,₹2.14,1959,188,"₹5,000.00",Generic,Good
Trivago De,Awin,Direct,Google PPC,Travel,22-07-26,Live,Healthy,"₹13,886.95","₹30,558.16","₹16,671.21",120.05,₹3.85,3607,617,"₹13,500.00",Generic,Good
Trivago UK,Awin,Impatify,Google PPC,Travel,22-07-26,Live,Healthy,"₹7,008.12","₹15,155.26","₹8,147.14",116.25,₹4.86,1442,153,"₹7,000.00",Generic,Good
Trivago NZ,Awin,Impatify,Google PPC,Travel,22-07-26,Live,Healthy,"₹5,776.24","₹10,417.60","₹4,641.36",80.35,₹4.12,1402,170,"₹6,500.00",Generic,Good
Trivago Ca,Awin,Impatify,Google PPC,Travel,22-07-26,Live,Healthy,"₹4,138.75","₹11,242.80","₹7,104.05",171.65,₹2.15,1925,180,"₹5,000.00",Generic,Good
Trivago De,Awin,Direct,Google PPC,Travel,23-07-26,Live,Healthy,"₹11,459.65","₹26,397.89","₹14,938.24",130.36,₹4.19,2735,533,"₹13,500.00",Generic,Good
Trivago UK,Awin,Impatify,Google PPC,Travel,23-07-26,Live,Healthy,"₹7,202.52","₹15,626.60","₹8,424.08",116.96,₹4.86,1482,205,"₹7,000.00",Generic,Good
Trivago NZ,Awin,Impatify,Google PPC,Travel,23-07-26,Live,Healthy,"₹6,563.70","₹11,811.60","₹5,247.90",79.95,₹4.42,1485,193,"₹6,500.00",Generic,Good
Trivago Ca,Awin,Impatify,Google PPC,Travel,23-07-26,Live,Healthy,"₹4,024.80","₹11,248.25","₹7,223.45",179.47,₹2.15,1872,181,"₹5,000.00",Generic,Good
Trivago De,Awin,Direct,Google PPC,Travel,24-07-26,Live,Healthy,"₹13,510.17","₹33,777.41","₹20,267.24",150.01,₹3.87,3491,682,"₹13,500.00",Generic,Good
Trivago UK,Awin,Impatify,Google PPC,Travel,24-07-26,Live,Healthy,"₹6,138.18","₹15,838.90","₹9,700.72",158.04,₹4.86,1263,187,"₹7,000.00",Generic,Good
Trivago NZ,Awin,Impatify,Google PPC,Travel,24-07-26,Live,Healthy,"₹5,677.36","₹8,568.00","₹2,890.64",50.92,₹4.12,1378,126,"₹6,500.00",Generic,Good
Trivago Ca,Awin,Impatify,Google PPC,Travel,24-07-26,Live,Healthy,"₹2,732.65","₹8,887.40","₹6,154.75",225.23,₹2.15,1271,148,"₹5,000.00",Generic,Good
Trivago De,Awin,Direct,Google PPC,Travel,25-07-26,Live,Healthy,"₹12,941.28","₹28,478.03","₹15,536.75",120.06,₹3.87,3344,575,"₹13,500.00",Generic,Good
Trivago UK,Awin,Impatify,Google PPC,Travel,25-07-26,Live,Healthy,"₹6,253.94","₹18,125.80","₹11,871.86",189.83,₹4.34,1441,214,"₹7,000.00",Generic,Good
Trivago NZ,Awin,Impatify,Google PPC,Travel,25-07-26,Live,Healthy,"₹4,849.24","₹14,552.00","₹9,702.76",200.09,₹4.12,1177,214,"₹6,500.00",Generic,Good
Trivago Ca,Awin,Impatify,Google PPC,Travel,25-07-26,Live,Healthy,"₹3,175.55","₹12,705.20","₹9,529.65",300.09,₹2.15,1477,184,"₹5,000.00",Generic,Good
Trivago De,Awin,Direct,Google PPC,Travel,26-07-26,Live,Healthy,"₹11,366.19","₹26,150.26","₹14,784.07",130.07,₹3.87,2937,528,"₹13,500.00",Generic,Good
Trivago UK,Awin,Impatify,Google PPC,Travel,26-07-26,Live,Healthy,"₹5,384.88","₹11,773.30","₹6,388.42",118.64,₹4.86,1108,139,"₹7,000.00",Generic,Good
Trivago NZ,Awin,Impatify,Google PPC,Travel,26-07-26,Live,Healthy,"₹5,467.24","₹14,144.00","₹8,676.76",158.70,₹4.12,1327,208,"₹6,500.00",Generic,Good
Trivago Ca,Awin,Impatify,Google PPC,Travel,26-07-26,Live,Healthy,"₹3,487.30","₹13,602.85","₹10,115.55",290.07,₹2.15,1622,197,"₹5,000.00",Generic,Good
Trivago De,Awin,Direct,Google PPC,Travel,27-07-26,Live,Healthy,"₹5,909.49","₹11,941.51","₹6,032.02",102.07,₹3.87,1527,434,"₹13,500.00",Generic,Good
Trivago UK,Awin,Impatify,Google PPC,Travel,27-07-26,Live,Healthy,"₹6,439.50","₹19,430.40","₹12,990.90",201.74,₹4.86,1325,232,"₹7,000.00",Generic,Good
Trivago NZ,Awin,Impatify,Google PPC,Travel,27-07-26,Live,Healthy,"₹5,347.76","₹14,076.00","₹8,728.24",163.21,₹4.12,1298,207,"₹6,500.00",Generic,Good
Trivago Ca,Awin,Impatify,Google PPC,Travel,27-07-26,Live,Healthy,"₹3,115.35","₹12,843.30","₹9,727.95",312.26,₹2.15,1449,186,"₹5,000.00",Generic,Good
Trivago De,Awin,Direct,Google PPC,Travel,28-07-26,Live,Healthy,"₹5,990.76","₹12,739.45","₹6,748.69",112.65,₹3.87,1548,463,"₹13,500.00",Generic,Good
Trivago UK,Awin,Impatify,Google PPC,Travel,28-07-26,Live,Healthy,"₹6,264.54","₹16,431.80","₹10,167.26",162.30,₹4.86,1289,194,"₹7,000.00",Generic,Good
Trivago NZ,Awin,Impatify,Google PPC,Travel,28-07-26,Live,Healthy,"₹5,759.76","₹14,892.00","₹9,132.24",158.55,₹4.12,1398,219,"₹6,500.00",Generic,Good
Trivago Ca,Awin,Impatify,Google PPC,Travel,28-07-26,Live,Healthy,"₹2,597.20","₹10,978.95","₹8,381.75",322.72,₹2.15,1208,159,"₹5,000.00",Generic,Good
Trivago De,Awin,Direct,Google PPC,Travel,29-07-26,Live,Healthy,"₹3,951.27","₹5,778.15","₹1,826.88",46.24,₹3.87,1021,463,"₹13,500.00",Generic,Good
Trivago UK,Awin,Impatify,Google PPC,Travel,29-07-26,Live,Healthy,"₹6,264.54","₹17,702.30","₹11,437.76",182.58,₹4.86,1289,194,"₹7,000.00",Generic,Good
Trivago NZ,Awin,Impatify,Google PPC,Travel,29-07-26,Live,Healthy,"₹5,121.16","₹13,260.00","₹8,138.84",158.93,₹4.12,1243,219,"₹6,500.00",Generic,Good
Trivago Ca,Awin,Impatify,Google PPC,Travel,29-07-26,Live,Healthy,"₹2,775.65","₹11,600.40","₹8,824.75",317.93,₹2.15,1291,159,"₹5,000.00",Generic,Good
Trivago De,Awin,Direct,Google PPC,Travel,30-07-26,Live,Healthy,"₹2,403.27","₹5,282.88","₹2,879.61",119.82,₹3.87,621,192,"₹13,500.00",Generic,Good
Trivago UK,Awin,Impatify,Google PPC,Travel,30-07-26,Live,Healthy,₹0.00,₹0.00,₹0.00,0.00,₹4.86,0,0,"₹7,000.00",Generic,Good
Trivago NZ,Awin,Impatify,Google PPC,Travel,30-07-26,Live,Healthy,"₹7,094.64","₹10,268.00","₹3,173.36",44.73,₹4.12,1722,151,"₹6,500.00",Generic,Good
Trivago Ca,Awin,Impatify,Google PPC,Travel,30-07-26,Live,Healthy,"₹1,960.80","₹10,150.35","₹8,189.55",417.66,₹2.15,912,147,"₹5,000.00",Generic,Good
Trivago De,Awin,Direct,Google PPC,Travel,31-07-26,Live,Healthy,₹3.87,"₹9,355.10","₹9,351.23",241633.85,₹3.87,1,,"₹13,500.00",Generic,Good
Trivago UK,Awin,Impatify,Google PPC,Travel,31-07-26,Live,Healthy,₹0.00,₹0.00,₹0.00,0.00,₹4.86,0,0,"₹5,000.00",Generic,Good
Trivago NZ,Awin,Impatify,Google PPC,Travel,31-07-26,Live,Healthy,"₹4,783.05","₹14,960.00","₹10,176.95",212.77,₹4.05,1181,220,"₹6,500.00",Generic,Good
Trivago Ca,Awin,Impatify,Google PPC,Travel,31-07-26,Live,Healthy,"₹2,188.70","₹15,674.35","₹13,485.65",616.15,₹2.15,1018,227,"₹5,000.00",Generic,Good
Trivago De,Awin,Direct,Google PPC,Travel,01-08-26,Live,Healthy,"₹3,959.01","₹9,107.47","₹5,148.46",130.04,₹3.87,1023,331,"₹13,500.00",Generic,Good
Trivago UK,Awin,Impatify,Google PPC,Travel,01-08-26,Live,Healthy,"₹5,747.84","₹15,500.10","₹9,752.26",169.67,₹4.48,1283,183,"₹7,000.00",Generic,Good
Trivago NZ,Awin,Impatify,Google PPC,Travel,01-08-26,Live,Healthy,"₹4,896.45","₹8,500.00","₹3,603.55",73.60,₹4.05,1209,125,"₹6,500.00",Generic,Good
Trivago Ca,Awin,Impatify,Google PPC,Travel,01-08-26,Live,Healthy,"₹3,218.55","₹14,224.30","₹11,005.75",341.95,₹2.15,1497,,"₹5,000.00",Generic,Good
Trivago De,Awin,Direct,Google PPC,Travel,02-08-26,Live,Healthy,"₹6,620.88","₹11,473.76","₹4,852.88",73.30,₹3.92,1689,417,"₹13,500.00",Generic,Good
Trivago UK,Awin,Impatify,Google PPC,Travel,02-08-26,Live,Healthy,"₹4,682.51","₹17,363.50","₹12,680.99",0.00,₹4.43,1057,205,"₹7,000.00",Generic,Good
Trivago NZ,Awin,Impatify,Google PPC,Travel,02-08-26,Live,Healthy,"₹4,191.75","₹13,532.00","₹9,340.25",222.82,₹4.05,1035,199,"₹6,500.00",Generic,Good
Trivago Ca,Awin,Impatify,Google PPC,Travel,02-08-26,Live,Healthy,"₹3,076.32","₹16,364.85","₹13,288.53",431.96,₹2.08,1479,,"₹5,000.00",Generic,Good
Trivago De,Awin,Direct,Google PPC,Travel,03-08-26,Live,Healthy,"₹7,059.92","₹14,115.20","₹7,055.28",99.93,₹3.92,1801,513,"₹13,500.00",Generic,Good
Trivago UK,Awin,Impatify,Google PPC,Travel,03-08-26,Live,Healthy,"₹7,659.47","₹18,379.90","₹10,720.43",139.96,₹4.43,1729,217,"₹7,000.00",Generic,Good
Trivago NZ,Awin,Impatify,Google PPC,Travel,03-08-26,Live,Healthy,"₹5,917.05","₹15,980.00","₹10,062.95",170.07,₹4.05,1461,235,"₹6,500.00",Generic,Good
Trivago Ca,Awin,Impatify,Google PPC,Travel,03-08-26,Live,Healthy,"₹4,434.56","₹17,745.85","₹13,311.29",300.17,₹2.08,2132,,"₹5,000.00",Generic,Good
Trivago De,Awin,Direct,Google PPC,Travel,04-08-26,Live,Healthy,"₹7,475.44","₹17,196.88","₹9,721.44",130.04,₹3.92,1907,625,"₹13,500.00",Generic,Good
Trivago UK,Awin,Impatify,Google PPC,Travel,04-08-26,Live,Healthy,"₹7,513.28","₹18,041.10","₹10,527.82",140.12,₹4.43,1696,213,"₹7,000.00",Generic,Good
Trivago NZ,Awin,Impatify,Google PPC,Travel,04-08-26,Live,Healthy,"₹5,933.25","₹15,436.00","₹9,502.75",160.16,₹4.05,1465,227,"₹6,500.00",Generic,Good
Trivago Ca,Awin,Impatify,Google PPC,Travel,04-08-26,Live,Healthy,"₹4,644.64","₹18,574.45","₹13,929.81",299.91,₹2.08,2233,269,"₹5,000.00",Generic,Good
Trivago De,Awin,Direct,Google PPC,Travel,05-08-26,Live,Healthy,"₹8,220.24","₹18,875.29","₹10,655.05",129.62,₹3.92,2097,686,"₹13,500.00",Generic,Good
Trivago UK,Awin,Impatify,Google PPC,Travel,05-08-26,Live,Healthy,"₹5,395.74","₹21,513.80","₹16,118.06",298.72,₹4.43,1218,,"₹7,000.00",Generic,Good
Trivago NZ,Awin,Impatify,Google PPC,Travel,05-08-26,Live,Healthy,"₹4,932.90","₹17,612.00","₹12,679.10",257.03,₹4.05,1218,,"₹6,500.00",Generic,Good
Trivago Ca,Awin,Impatify,Google PPC,Travel,05-08-26,Live,Healthy,"₹3,737.76","₹23,822.25","₹20,084.49",537.34,₹2.08,1797,,"₹5,000.00",Generic,Good
Trivago De,Awin,Direct,Google PPC,Travel,06-08-26,Paused,Healthy,₹0.00,₹0.00,₹0.00,,₹3.92,,,"₹13,500.00",Generic,Good
Trivago UK,Awin,Impatify,Google PPC,Travel,06-08-26,Paused,Healthy,₹0.00,₹0.00,₹0.00,,₹4.43,,,"₹7,000.00",Generic,Good
Trivago NZ,Awin,Impatify,Google PPC,Travel,06-08-26,Paused,Healthy,₹0.00,₹0.00,₹0.00,0.00,₹4.05,,,"₹6,500.00",Generic,Good
Trivago Ca,Awin,Impatify,Google PPC,Travel,06-08-26,Paused,Healthy,₹0.00,₹0.00,₹0.00,,₹2.08,,,"₹5,000.00",Generic,Good
Trivago CH,Salegain,Direct,Google PPC,Travel,07-08-26,Live,Testing,₹602.43,"₹1,165.65",₹563.22,93.49,₹4.67,129,19,"₹3,000.00",Generic,Good
Trivago CH,Salegain,Direct,Google PPC,Travel,09-08-26,Live,Testing,₹602.43,"₹1,169.45",₹567.02,94.12,₹4.67,129,19,"₹3,000.00",Generic,Good
Trivago CH,Salegain,Direct,Google PPC,Travel,10-08-26,Live,Testing,₹621.11,"₹1,169.45",₹548.34,88.28,₹4.67,133,19,"₹3,000.00",Generic,Good
Trivago CH,Salegain,Direct,Google PPC,Travel,11-08-26,Live,Testing,"₹5,202.38","₹10,258.10","₹5,055.72",97.18,₹4.67,1114,167,"₹3,000.00",Generic,Good
Trivago CH,Salegain,Direct,Google PPC,Travel,12-08-26,Live,Testing,"₹2,454.96","₹4,790.85","₹2,335.89",95.15,₹4.24,579,78,"₹3,000.00",Generic,Good
Trivago CH,Salegain,Direct,Google PPC,Travel,13-08-26,Live,Testing,"₹2,510.08","₹5,153.75","₹2,643.67",105.32,₹4.24,592,84,"₹3,000.00",Generic,Good
Trivago CH,Salegain,Direct,Google PPC,Travel,14-08-26,Live,Testing,"₹2,382.88","₹8,063.60","₹5,680.72",238.40,₹4.24,562,131,"₹3,000.00",Generic,Good
Trivago CH,Salegain,Direct,Google PPC,Travel,15-08-26,Live,Testing,"₹2,450.72","₹4,863.05","₹2,412.33",98.43,₹4.24,578,79,"₹3,000.00",Generic,Good
Trivago CH,Salegain,Direct,Google PPC,Travel,16-08-26,Live,Testing,"₹2,641.52","₹4,688.25","₹2,046.73",77.48,₹4.24,623,76,"₹3,000.00",Generic,Good
Trivago uk,Awin,Direct,Google PPC,Travel,16-08-26,Live,Testing,₹583.08,"₹1,347.50",₹764.42,131.10,₹1.72,339,14,"₹1,000.00",Generic
Trivago CH,Salegain,Direct,Google PPC,Travel,17-08-26,Live,Testing,"₹1,177.93","₹5,554.65","₹4,376.72",371.56,₹2.21,533,90,"₹3,000.00",Generic,Good
Trivago uk,Awin,Direct,Google PPC,Travel,17-08-26,Live,Testing,₹922.08,"₹2,791.25","₹1,869.17",202.71,₹2.72,339,32,"₹1,000.00",Generic,Good
Trivago NZ,Salegain,Direct,Google PPC,Travel,17-08-26,Live,Healthy,₹27.96,₹99.86,₹71.90,257.14,₹2.33,12,4
Trivago CH,Salegain,Direct,Google PPC,Travel,18-08-26,Live,Testing,₹521.52,"₹1,789.80","₹1,268.28",243.19,₹4.24,123,,"₹3,000.00",Generic
Trivago uk,Awin,Direct,Google PPC,Travel,18-08-26,Live,Testing,₹582.08,"₹2,983.75","₹2,401.67",412.60,₹2.72,214,32,"₹1,000.00",Generic
Trivago NZ,Salegain,Direct,Google PPC,Travel,18-08-26,Live,Healthy,₹726.96,"₹3,616.65","₹2,889.69",397.50,₹2.33,312,144,"₹1,000.00",Generic
Trivago CH,Salegain,Direct,Google PPC,Travel,19-08-26,Live,Testing,₹415.52,"₹1,907.60","₹1,492.08",359.09,₹4.24,98,,"₹3,000.00",Generic
Trivago uk,Awin,Direct,Google PPC,Travel,19-08-26,Live,Testing,₹464.64,"₹2,791.25","₹2,326.61",500.73,₹1.92,242,33,"₹1,000.00",Generic
Trivago NZ,Salegain,Direct,Google PPC,Travel,19-08-26,Live,Healthy,₹673.37,"₹1,711.90","₹1,038.53",154.23,₹2.33,289,,"₹1,000.00",Generic
Trivago CH,Salegain,Direct,Google PPC,Travel,20-08-26,Paused,Testing,₹0.00,₹0.00,₹0.00,#DIV/0!,₹4.24,,,"₹3,000.00",Generic
Trivago uk,Awin,Direct,Google PPC,Travel,20-08-26,Live,Testing,₹428.24,"₹2,310.00","₹1,881.76",439.42,₹2.02,212,24,"₹1,000.00",Generic
Trivago NZ,Salegain,Direct,Google PPC,Travel,20-08-26,Live,Healthy,₹701.33,"₹1,836.35","₹1,135.02",161.84,₹2.33,301,73,"₹1,000.00",Generic
Trivago uk,Awin,Direct,Google PPC,Travel,21-08-26,Live,Testing,₹422.18,"₹2,021.25","₹1,599.07",378.76,₹2.02,209,21,"₹1,000.00",Generic
Trivago NZ,Salegain,Direct,Google PPC,Travel,21-08-26,Live,Healthy,₹260.96,"₹1,026.00",₹765.04,293.16,₹2.33,112,41,"₹1,000.00",Generic
Trivago uk,Awin,Direct,Google PPC,Travel,22-08-26,Live,Testing,₹450.46,"₹3,272.50","₹2,822.04",626.48,₹2.02,223,34,"₹1,000.00",Generic
Trivago NZ,Salegain,Direct,Google PPC,Travel,22-08-26,Live,Healthy,₹493.96,"₹2,312.30","₹1,818.34",368.11,₹2.33,212,73,"₹1,000.00",Generic
Trivago uk,Awin,Direct,Google PPC,Travel,23-08-26,Live,Testing,₹0.00,₹0.00,₹0.00,#DIV/0!,₹2.02,0,0,"₹1,000.00",Generic
Trivago NZ,Salegain,Direct,Google PPC,Travel,23-08-26,Live,Healthy,₹447.36,"₹2,310.40","₹1,863.04",416.45,₹2.33,192,73,"₹1,000.00",Generic
Trivago uk,Awin,Direct,Google PPC,Travel,24-08-26,Live,Testing,₹991.82,"₹2,117.50","₹1,125.68",113.50,₹2.02,491,22,"₹1,000.00",Generic
Trivago NZ,Salegain,Direct,Google PPC,Travel,24-08-26,Live,Healthy,₹552.21,"₹1,504.80",₹952.59,172.51,₹2.33,237,73,"₹1,000.00",Generic
Trivago uk,Awin,Direct,Google PPC,Travel,25-08-26,Live,Testing,₹852.44,"₹2,310.00","₹1,457.56",170.99,₹2.02,422,24,"₹1,000.00",Generic
Trivago NZ,Salegain,Direct,Google PPC,Travel,25-08-26,Live,Healthy,₹447.36,"₹3,325.95","₹2,878.59",643.46,₹2.33,192,73,"₹1,000.00",Generic
Trivago uk,Awin,Direct,Google PPC,Travel,26-08-26,Live,Testing,₹852.44,"₹3,368.75","₹2,516.31",295.19,₹2.02,422,35,"₹1,000.00",Generic
Trivago NZ,Salegain,Direct,Google PPC,Travel,26-08-26,Live,Healthy,₹556.87,"₹2,280.00","₹1,723.13",309.43,₹2.33,239,73,"₹1,000.00",Generic
Trivago uk,Awin,Direct,Google PPC,Travel,27-08-26,Live,Testing,"₹1,094.84","₹3,080.00","₹1,985.16",181.32,₹2.02,542,32,"₹1,000.00",Generic
Trivago NZ,Salegain,Direct,Google PPC,Travel,27-08-26,Live,Healthy,₹493.96,"₹1,425.00",₹931.04,188.48,₹2.33,212,73,"₹1,000.00",Generic
Trivago uk,Awin,Direct,Google PPC,Travel,28-08-26,Live,Testing,₹0.00,₹0.00,₹0.00,#DIV/0!,₹2.02,0,0,"₹1,000.00",Generic
Trivago NZ,Salegain,Direct,Google PPC,Travel,28-08-26,Live,Healthy,₹421.73,₹0.00,-₹421.73,-100.00,₹2.33,181,73,"₹1,000.00",Generic
Trivago uk,Awin,Direct,Google PPC,Travel,29-08-26,Live,Testing,₹466.62,₹962.50,₹495.88,106.27,₹2.02,231,10,"₹1,000.00",Generic
Trivago NZ,Salegain,Direct,Google PPC,Travel,29-08-26,Live,Healthy,₹633.76,"₹2,454.80","₹1,821.04",287.34,₹2.33,272,73,"₹1,000.00",Generic
Trivago uk,Awin,Direct,Google PPC,Travel,30-08-26,Live,Testing,₹470.66,₹866.25,₹395.59,84.05,₹2.02,233,9,"₹1,000.00",Generic
Trivago NZ,Salegain,Direct,Google PPC,Travel,30-08-26,Live,Healthy,₹563.86,"₹2,263.85","₹1,699.99",301.49,₹2.33,242,73,"₹1,000.00",Generic
Trivago uk,Awin,Direct,Google PPC,Travel,31-08-26,Live,Testing,₹387.84,₹0.00,-₹387.84,-100.00,₹2.02,192,0,"₹1,000.00",Generic
Trivago NZ,Salegain,Direct,Google PPC,Travel,31-08-26,Live,Healthy,₹566.19,"₹1,778.40","₹1,212.21",214.10,₹2.33,243,73,"₹1,000.00",Generic
Trivago uk,Awin,Direct,Google PPC,Travel,01-09-26,Live,Testing,₹387.84,"₹2,213.75","₹1,825.91",470.79,₹2.02,192,23,"₹5,000.00",Generic
Trivago NZ,Salegain,Direct,Google PPC,Travel,01-09-26,Live,Healthy,₹566.19,"₹2,184.05","₹1,617.86",285.75,₹2.33,243,73,"₹1,000.00",Generic
Trivago us,Awin,alliances,Google PPC,Travel,01-09-26,Live,Healthy,₹445.03,"₹1,900.00","₹1,454.97",326.94,₹2.33,191,20,"₹1,000.00",Generic
Trivago uk,Awin,Direct,Google PPC,Travel,02-09-26,Live,Testing,₹296.94,"₹1,828.75","₹1,531.81",515.87,₹2.02,147,19,"₹5,000.00",Generic
Trivago NZ,Salegain,Direct,Google PPC,Travel,02-09-26,Live,Healthy,₹447.36,"₹1,133.35",₹685.99,153.34,₹2.33,192,,"₹1,000.00",Generic
Trivago us,Awin,alliances,Google PPC,Travel,02-09-26,Live,Healthy,₹472.99,"₹2,204.00","₹1,731.01",365.97,₹2.33,203,29,"₹1,000.00",Generic
Trivago uk,Awin,Direct,Google PPC,Travel,03-09-26,Live,Testing,₹141.57,₹866.25,₹724.68,511.89,₹1.17,121,19,"₹5,000.00",Generic
Trivago NZ,Salegain,Direct,Google PPC,Travel,03-09-26,Live,Healthy,₹204.97,"₹2,150.80","₹1,945.83",949.32,₹1.03,199,,"₹1,000.00",Generic
Trivago us,Awin,alliances,Google PPC,Travel,03-09-26,Live,Healthy,₹532.59,"₹2,052.00","₹1,519.41",285.29,₹4.33,123,29,"₹1,000.00",Generic
Trivago uk,Awin,Direct,Google PPC,Travel,04-09-26,Live,Testing,₹0.00,₹0.00,₹0.00,0.00,₹1.17,0,19,"₹5,000.00",Generic
Trivago NZ,Salegain,Direct,Google PPC,Travel,04-09-26,Live,Healthy,₹299.73,"₹1,601.70","₹1,301.97",434.38,₹1.03,291,,"₹1,000.00",Generic
Trivago us,Awin,alliances,Google PPC,Travel,04-09-26,Live,Healthy,₹570.85,₹0.00,-₹570.85,-100.00,₹2.33,245,28,"₹1,000.00",Generic
Trivago uk,Awin,Direct,Google PPC,Travel,05-09-26,Live,Testing,₹0.00,₹0.00,₹0.00,0.00,₹1.17,0,19,"₹5,000.00",Generic
Trivago NZ,Salegain,Direct,Google PPC,Travel,05-09-26,Live,Healthy,₹225.57,"₹2,343.65","₹2,118.08",938.99,₹1.03,219,,"₹1,000.00",Generic
Trivago us,Awin,alliances,Google PPC,Travel,05-09-26,Live,Healthy,"₹2,216.96","₹2,128.00",-₹88.96,-4.01,₹4.33,512,21,"₹1,000.00",Generic
Trivago uk,Awin,Direct,Google PPC,Travel,06-09-26,Live,Testing,₹256.23,"₹4,620.00","₹4,363.77",1703.07,₹1.17,219,19,"₹5,000.00",Generic
Trivago NZ,Salegain,Direct,Google PPC,Travel,06-09-26,Live,Healthy,₹237.93,₹127.30,-₹110.63,-46.50,₹1.03,231,,"₹1,000.00",Generic
Trivago us,Awin,alliances,Google PPC,Travel,06-09-26,Live,Healthy,"₹1,355.29","₹2,015.90",₹660.61,48.74,₹4.33,313,22,"₹1,000.00",Generic
Trivago uk,Awin,Direct,Google PPC,Travel,07-09-26,Live,Testing,₹365.04,"₹6,062.50","₹5,697.46",1560.78,₹1.17,312,19,"₹5,000.00",Generic
Trivago NZ,Salegain,Direct,Google PPC,Travel,07-09-26,Live,Healthy,₹249.26,"₹1,326.20","₹1,076.94",432.05,₹1.03,242,,"₹1,000.00",Generic
Trivago us,Awin,alliances,Google PPC,Travel,07-09-26,Live,Healthy,₹402.78,₹0.00,-₹402.78,-100.00,₹0.98,411,21,"₹1,000.00",Generic
Trivago Ch,Salegain,Direct,Google PPC,Travel,07-09-26,Live,Healthy,₹365.65,"₹4,624.60","₹4,258.95",1164.76,₹1.03,355,,"₹3,000.00",Generic
Trivago uk,Awin,Direct,Google PPC,Travel,08-09-26,Live,Testing,₹482.04,"₹4,235.00","₹3,752.96",778.56,₹1.17,412,44,"₹5,000.00",Generic
Trivago NZ,Salegain,Direct,Google PPC,Travel,08-09-26,Live,Healthy,₹219.39,"₹2,295.20","₹2,075.81",946.17,₹1.03,213,,"₹1,000.00",Generic
Trivago us,Awin,alliances,Google PPC,Travel,08-09-26,Live,Healthy,"₹2,820.93","₹2,185.00",-₹635.93,-22.54,₹1.33,2121,21,"₹1,000.00",Generic
Trivago Ch,Salegain,Direct,Google PPC,Travel,08-09-26,Live,Healthy,₹702.96,"₹2,774.95","₹2,071.99",294.75,₹3.03,232,,"₹3,000.00",Generic
Trivago uk,Awin,Direct,Google PPC,Travel,09-09-26,Live,Testing,₹482.04,"₹5,678.75","₹5,196.71",1078.07,₹1.17,412,44,"₹5,000.00",Generic
Trivago NZ,Salegain,Direct,Google PPC,Travel,09-09-26,Live,Healthy,₹248.23,"₹2,295.20","₹2,046.97",824.63,₹1.03,241,,"₹1,000.00",Generic
Trivago us,Awin,alliances,Google PPC,Travel,09-09-26,Live,Healthy,₹699.93,"₹2,280.00","₹1,580.07",225.75,₹0.33,2121,21,"₹1,000.00",Generic
Trivago Ch,Salegain,Direct,Google PPC,Travel,09-09-26,Live,Healthy,"₹1,019.16","₹2,774.95","₹1,755.79",172.28,₹2.98,342,,"₹3,000.00",Generic
Trivago uk,Awin,Direct,Google PPC,Travel,10-09-26,Live,Testing,₹586.17,"₹5,967.50","₹5,381.33",918.05,₹1.17,501,62,"₹5,000.00",Generic
Trivago NZ,Salegain,Direct,Google PPC,Travel,10-09-26,Live,Healthy,₹237.93,"₹2,401.60","₹2,163.67",909.37,₹1.03,231,,"₹1,000.00",Generic
Trivago us,Awin,alliances,Google PPC,Travel,10-09-26,Live,Healthy,₹699.93,"₹2,128.00","₹1,428.07",204.03,₹0.33,2121,26,"₹1,000.00",Generic
Trivago Ch,Salegain,Direct,Google PPC,Travel,10-09-26,Live,Healthy,₹881.73,"₹7,513.55","₹6,631.82",752.14,₹3.03,291,,"₹3,000.00",Generic
Trivago uk,Awin,Direct,Google PPC,Travel,11-09-26,Live,Testing,"₹1,064.01","₹8,373.75","₹7,309.74",687.00,₹0.87,1223,87,"₹5,000.00",Generic
Trivago NZ,Salegain,Direct,Google PPC,Travel,11-09-26,Live,Healthy,₹12.36,₹51.30,₹38.94,315.05,₹1.03,12,,"₹1,000.00",Generic
Trivago us,Awin,alliances,Google PPC,Travel,11-09-26,Live,Healthy,"₹1,311.38","₹2,128.00",₹816.62,62.27,₹1.33,986,38,"₹1,000.00",Generic
Trivago Ch,Salegain,Direct,Google PPC,Travel,11-09-26,Live,Healthy,₹375.72,₹801.80,₹426.08,113.40,₹3.03,124,,"₹3,000.00",Generic
Trivago uk,Awin,Direct,Google PPC,Travel,12-09-26,Live,Testing,"₹1,068.21","₹5,390.00","₹4,321.79",404.58,₹1.17,913,56,"₹5,000.00",Generic
Trivago NZ,Salegain,Direct,Google PPC,Travel,12-09-26,Live,Healthy,₹951.72,"₹3,783.85","₹2,832.13",297.58,₹1.03,924,,"₹1,000.00",Generic
Trivago us,Awin,alliances,Google PPC,Travel,12-09-26,Live,Healthy,"₹1,653.78","₹2,128.00",₹474.22,28.67,₹1.29,1282,33,"₹1,000.00",Generic
Trivago Ch,Salegain,Direct,Google PPC,Travel,12-09-26,Live,Healthy,"₹2,725.38","₹4,313.95","₹1,588.57",58.29,₹0.98,2781,,"₹3,000.00",Generic
Trivago uk,Awin,Direct,Google PPC,Travel,13-09-26,Live,Testing,₹0.00,₹0.00,₹0.00,0.00,₹0.00,,,"₹5,000.00",Generic
Trivago NZ,Salegain,Direct,Google PPC,Travel,13-09-26,Live,Healthy,"₹1,002.19","₹2,346.50","₹1,344.31",134.14,₹1.03,973,,"₹1,000.00",Generic
Trivago us,Awin,alliances,Google PPC,Travel,13-09-26,Live,Healthy,₹0.00,₹0.00,₹0.00,#DIV/0!,₹1.33,0,,"₹1,000.00",Generic
Trivago Ch,Salegain,Direct,Google PPC,Travel,13-09-26,Live,Healthy,"₹1,384.71","₹6,456.20","₹5,071.49",366.25,₹3.03,457,,"₹3,000.00",Generic
Trivago uk,Awin,Direct,Google PPC,Travel,14-09-26,Live,Testing,"₹1,675.62","₹3,080.00","₹1,404.38",83.81,₹3.21,522,32,"₹5,000.00",Generic
Trivago NZ,Salegain,Direct,Google PPC,Travel,14-09-26,Live,Healthy,"₹1,431.06",₹50.35,"-₹1,380.71",-96.48,₹1.83,782,,"₹1,000.00",Generic
Trivago us,Awin,alliances,Google PPC,Travel,14-09-26,Live,Healthy,₹0.00,₹0.00,₹0.00,#DIV/0!,₹1.33,,,"₹1,000.00",Generic
Trivago Ch,Salegain,Direct,Google PPC,Travel,14-09-26,Live,Healthy,"₹2,366.43",₹184.30,"-₹2,182.13",-92.21,₹3.03,781,,"₹3,000.00",Generic
Trivago uk,Awin,Direct,Google PPC,Travel,15-09-26,Live,Testing,"₹1,506.16","₹3,272.50","₹1,766.34",117.27,₹2.68,562,34,"₹5,000.00",Generic
Trivago NZ,Salegain,Direct,Google PPC,Travel,15-09-26,Live,Healthy,"₹1,524.39","₹4,795.60","₹3,271.21",214.59,₹1.83,833,,"₹1,000.00",Generic
Trivago us,Awin,alliances,Google PPC,Travel,15-09-26,Live,Healthy,"₹1,209.27","₹3,040.00","₹1,830.73",151.39,₹2.33,519,43,"₹1,000.00",Generic
Trivago Ch,Salegain,Direct,Google PPC,Travel,15-09-26,Live,Healthy,"₹1,733.16","₹10,534.55","₹8,801.39",507.82,₹3.03,572,,"₹3,000.00",Generic
Trivago uk,Awin,Direct,Google PPC,Travel,16-09-26,Live,Testing,"₹1,267.11","₹3,272.50","₹2,005.39",158.26,₹2.47,513,57,"₹5,000.00",Generic
Trivago NZ,Salegain,Direct,Google PPC,Travel,16-09-26,Live,Healthy,"₹1,126.95","₹3,040.00","₹1,913.05",169.75,₹1.65,683,,"₹1,000.00",Generic
Trivago us,Awin,alliances,Google PPC,Travel,16-09-26,Live,Healthy,₹139.59,"₹2,945.00","₹2,805.41",2009.75,₹0.33,423,32,"₹1,000.00",Generic
Trivago Ch,Salegain,Direct,Google PPC,Travel,16-09-26,Live,Healthy,"₹2,523.99",₹95.00,"-₹2,428.99",-96.24,₹3.03,833,,"₹3,000.00",Generic
Trivago uk,Awin,Direct,Google PPC,Travel,17-09-26,Live,Testing,"₹1,853.34","₹5,486.25","₹3,632.91",196.02,₹2.37,782,31,"₹5,000.00",Generic
Trivago NZ,Salegain,Direct,Google PPC,Travel,17-09-26,Live,Healthy,₹829.26,"₹1,515.25",₹685.99,82.72,₹1.53,542,,"₹1,000.00",Generic
Trivago us,Awin,alliances,Google PPC,Travel,17-09-26,Live,Healthy,"₹1,530.81","₹2,850.00","₹1,319.19",86.18,₹2.33,657,42,"₹1,000.00",Generic
Trivago Ch,Salegain,Direct,Google PPC,Travel,17-09-26,Live,Healthy,"₹2,036.16","₹8,886.30","₹6,850.14",336.42,₹3.03,672,,"₹3,000.00",Generic
Trivago uk,Awin,Direct,Google PPC,Travel,18-09-26,Live,Testing,₹942.31,"₹2,983.75","₹2,041.44",216.64,₹2.41,391,32,"₹5,000.00",Generic
Trivago NZ,Salegain,Direct,Google PPC,Travel,18-09-26,Live,Healthy,₹690.03,₹0.00,-₹690.03,-100.00,₹1.53,451,,"₹1,000.00",Generic
Trivago us,Awin,alliances,Google PPC,Travel,18-09-26,Live,Healthy,"₹1,565.10","₹2,280.00",₹714.90,45.68,₹3.33,470,24,"₹1,000.00",Generic
Trivago Ch,Salegain,Direct,Google PPC,Travel,18-09-26,Live,Healthy,"₹1,284.72",₹0.00,"-₹1,284.72",-100.00,₹3.03,424,,"₹3,000.00",Generic
Trivago uk,Awin,Direct,Google PPC,Travel,19-09-26,Live,Testing,"₹1,172.21","₹3,080.00","₹1,907.79",162.75,₹1.27,923,63,"₹5,000.00",Generic
Trivago NZ,Salegain,Direct,Google PPC,Travel,19-09-26,Live,Healthy,₹859.86,"₹1,360.40",₹500.54,58.21,₹1.53,562,,"₹1,000.00",Generic
Trivago us,Awin,alliances,Google PPC,Travel,19-09-26,Live,Healthy,₹796.86,"₹3,040.00","₹2,243.14",281.50,₹2.33,342,42,"₹1,000.00",Generic
Trivago Ch,Salegain,Direct,Google PPC,Travel,19-09-26,Live,Healthy,₹678.72,"₹7,987.60","₹7,308.88",1076.86,₹3.03,224,,"₹3,000.00",Generic
Trivago uk,Awin,Direct,Google PPC,Travel,20-09-26,Live,Testing,"₹2,695.89","₹6,063.75","₹3,367.86",124.93,₹2.19,1231,32,"₹5,000.00",Generic
Trivago NZ,Salegain,Direct,Google PPC,Travel,20-09-26,Live,Healthy,₹664.02,₹328.70,-₹335.32,-50.50,₹1.53,434,,"₹1,000.00",Generic
Trivago us,Awin,alliances,Google PPC,Travel,20-09-26,Live,Healthy,₹736.23,"₹2,945.00","₹2,208.77",300.01,₹2.53,291,31,"₹1,000.00",Generic
Trivago Ch,Salegain,Direct,Google PPC,Travel,20-09-26,Live,Healthy,₹981.72,"₹2,073.85","₹1,092.13",111.25,₹3.03,324,,"₹3,000.00",Generic
Trivago uk,Awin,Direct,Google PPC,Travel,21-09-26,Live,Testing,"₹2,961.42","₹6,160.00","₹3,198.58",108.01,₹2.31,1282,63,"₹5,000.00",Generic
Trivago NZ,Salegain,Direct,Google PPC,Travel,21-09-26,Live,Healthy,₹507.96,₹303.05,-₹204.91,-40.34,₹1.53,332,,"₹1,000.00",Generic
Trivago us,Awin,alliances,Google PPC,Travel,21-09-26,Live,Healthy,₹794.53,"₹2,565.00","₹1,770.47",222.83,₹2.33,341,34,"₹1,000.00",Generic
Trivago Ch,Salegain,Direct,Google PPC,Travel,21-09-26,Live,Healthy,₹945.36,"₹1,524.75",₹579.39,61.29,₹3.03,312,,"₹3,000.00",Generic
Trivago uk,Awin,Direct,Google PPC,Travel,22-09-26,Live,Testing,"₹3,041.42","₹6,256.25","₹3,214.83",105.70,₹2.41,1262,64,"₹5,000.00",Generic
Trivago NZ,Salegain,Direct,Google PPC,Travel,22-09-26,Live,Healthy,"₹1,089.36","₹2,777.80","₹1,688.44",154.99,₹1.53,712,,"₹1,000.00",Generic
Trivago us,Awin,alliances,Google PPC,Travel,22-09-26,Live,Healthy,"₹1,746.88","₹4,655.00","₹2,908.12",166.48,₹4.12,424,34,"₹1,000.00",Generic
Trivago Ch,Salegain,Direct,Google PPC,Travel,22-09-26,Live,Healthy,₹0.00,"₹3,419.05","₹3,419.05",#DIV/0!,₹3.03,,,"₹3,000.00",Generic
Trivago uk,Awin,Direct,Google PPC,Travel,23-09-26,Live,Testing,"₹1,418.04","₹5,293.75","₹3,875.71",273.31,₹1.17,1212,65,"₹5,000.00",Generic
Trivago NZ,Salegain,Direct,Google PPC,Travel,23-09-26,Live,Healthy,₹509.49,₹979.45,₹469.96,92.24,₹1.53,333,,"₹1,000.00",Generic
Trivago us,Awin,alliances,Google PPC,Travel,23-09-26,Live,Healthy,"₹1,050.83","₹3,895.00","₹2,844.17",270.66,₹2.33,451,42,"₹1,000.00",Generic
Trivago Ch,Salegain,Direct,Google PPC,Travel,23-09-26,Live,Healthy,₹0.00,₹95.00,₹95.00,#DIV/0!,₹3.03,,,"₹3,000.00",Generic
Trivago uk,Awin,Direct,Google PPC,Travel,24-09-26,Live,Testing,"₹2,847.78","₹5,871.25","₹3,023.47",106.17,₹1.17,2434,61,"₹5,000.00",Generic
Trivago NZ,Salegain,Direct,Google PPC,Travel,24-09-26,Live,Healthy,₹630.36,₹801.80,₹171.44,27.20,₹1.53,412,,"₹1,000.00",Generic
Trivago us,Awin,alliances,Google PPC,Travel,24-09-26,Live,Healthy,"₹1,255.61","₹5,225.00","₹3,969.39",316.13,₹2.41,521,33,"₹1,000.00",Generic
Trivago uk,Awin,Direct,Google PPC,Travel,25-09-26,Live,Testing,"₹2,313.13","₹6,930.00","₹4,616.87",199.59,₹2.27,1019,72,"₹5,000.00",Generic
Trivago NZ,Salegain,Direct,Google PPC,Travel,25-09-26,Live,Healthy,₹0.00,₹0.00,₹0.00,#DIV/0!,₹1.53,,,"₹1,000.00",Generic
Trivago us,Awin,alliances,Google PPC,Travel,25-09-26,Live,Healthy,"₹1,579.74","₹3,230.00","₹1,650.26",104.46,₹2.33,678,42,"₹1,000.00",Generic
Trivago uk,Awin,Direct,Google PPC,Travel,26-09-26,Live,Testing,"₹2,064.48","₹6,930.00","₹4,865.52",235.68,₹2.04,1012,72,"₹5,000.00",Generic
Trivago NZ,Salegain,Direct,Google PPC,Travel,26-09-26,Live,Healthy,₹0.00,₹0.00,₹0.00,#DIV/0!,₹1.53,,,"₹1,000.00",Generic
Trivago us,Awin,alliances,Google PPC,Travel,26-09-26,Live,Healthy,"₹1,841.84","₹3,230.00","₹1,388.16",75.37,₹3.22,572,43,"₹1,000.00",Generic
Trivago uk,Awin,Direct,Google PPC,Travel,27-09-26,Live,Testing,"₹2,654.21","₹5,005.00","₹2,350.79",88.57,₹2.21,1201,52,"₹5,000.00",Generic
Trivago NZ,Salegain,Direct,Google PPC,Travel,27-09-26,Live,Healthy,₹0.00,₹0.00,₹0.00,#DIV/0!,₹1.53,,,"₹1,000.00",Generic
Trivago us,Awin,alliances,Google PPC,Travel,27-09-26,Live,Healthy,"₹1,587.72","₹3,705.00","₹2,117.28",133.35,₹3.03,524,42,"₹1,000.00",Generic
Trivago uk,Awin,Direct,Google PPC,Travel,28-09-26,Live,Testing,"₹2,944.69","₹7,200.00","₹4,255.31",144.51,₹2.17,1357,,"₹5,000.00",Generic
Trivago NZ,Salegain,Direct,Google PPC,Travel,28-09-26,Live,Healthy,"₹2,903.94",₹446.50,"-₹2,457.44",-84.62,₹1.53,1898,,"₹1,000.00",Generic
Trivago us,Awin,alliances,Google PPC,Travel,28-09-26,Live,Healthy,"₹2,813.87","₹2,375.00",-₹438.87,-15.60,₹3.13,899,,"₹1,000.00",Generic
Trivago uk,Awin,Direct,Google PPC,Travel,29-09-26,Live,Testing,₹703.08,"₹1,058.75",₹355.67,50.59,₹2.17,324,,"₹5,000.00",Generic
Trivago NZ,Salegain,Direct,Google PPC,Travel,29-09-26,Live,Healthy,₹0.00,₹0.00,₹0.00,#DIV/0!,₹1.53,,,"₹1,000.00",Generic
Trivago us,Awin,alliances,Google PPC,Travel,29-09-26,Live,Healthy,"₹1,406.16","₹1,767.00",₹360.84,25.66,₹3.24,434,,"₹1,000.00",Generic
Trivago uk,Awin,Direct,Google PPC,Travel,30-09-26,Live,Testing,₹0.00,₹0.00,₹0.00,#DIV/0!,₹2.17,,,"₹5,000.00",Generic
Trivago NZ,Salegain,Direct,Google PPC,Travel,30-09-26,Live,Healthy,₹0.00,₹0.00,₹0.00,#DIV/0!,₹1.53,,,"₹1,000.00",Generic
Trivago us,Awin,alliances,Google PPC,Travel,30-09-26,Live,Healthy,₹0.00,₹0.00,₹0.00,#DIV/0!,,,,"₹1,000.00",Generic
Trivago uk,Awin,Direct,Google PPC,Travel,01-10-26,Live,Testing,"₹1,937.81","₹6,833.75","₹4,895.94",252.65,₹2.17,893,,"₹5,000.00",Generic
Trivago NZ,Salegain,Direct,Google PPC,Travel,01-10-26,Live,Healthy,₹823.14,₹0.00,-₹823.14,-100.00,₹1.53,538,,"₹1,000.00",Generic,,no conversion update
Trivago us,Awin,alliances,Google PPC,Travel,01-10-26,Live,Healthy,"₹1,048.74",₹0.00,"-₹1,048.74",-100.00,₹2.31,454,,"₹1,000.00",Generic
Trivago uk,Awin,Direct,Google PPC,Travel,02-10-26,Live,Testing,₹744.31,"₹10,010.00","₹9,265.69",1244.87,₹2.17,343,,"₹5,000.00",Generic
Trivago NZ,Salegain,Direct,Google PPC,Travel,02-10-26,Live,Healthy,₹778.77,₹0.00,-₹778.77,-100.00,₹1.53,509,,"₹1,000.00",Generic,,no conversion update
Trivago us,Awin,alliances,Google PPC,Travel,02-10-26,Live,Healthy,"₹1,958.08",₹0.00,"-₹1,958.08",-100.00,₹2.11,928,,"₹1,000.00",Generic
Trivago uk,Awin,Direct,Google PPC,Travel,03-10-26,Live,Testing,"₹1,156.61","₹4,235.00","₹3,078.39",266.16,₹2.17,533,,"₹5,000.00",Generic
Trivago NZ,Salegain,Direct,Google PPC,Travel,03-10-26,Live,Healthy,"₹1,245.42",₹0.00,"-₹1,245.42",-100.00,₹1.53,814,,"₹1,000.00",Generic,,no conversion update
Trivago us,Awin,alliances,Google PPC,Travel,03-10-26,Live,Healthy,₹695.31,₹0.00,-₹695.31,-100.00,₹2.31,301,,"₹1,000.00",Generic
Trivago uk,Awin,Direct,Google PPC,Travel,04-10-26,Live,Testing,₹744.31,"₹4,620.00","₹3,875.69",520.71,₹2.17,343,,"₹5,000.00",Generic
Trivago NZ,Salegain,Direct,Google PPC,Travel,04-10-26,Live,Healthy,"₹1,228.59",₹0.00,"-₹1,228.59",-100.00,₹1.53,803,,"₹1,000.00",Generic,,no conversion update
Trivago us,Awin,alliances,Google PPC,Travel,04-10-26,Live,Healthy,"₹2,266.11",₹0.00,"-₹2,266.11",-100.00,₹2.31,981,,"₹1,000.00",Generic
Trivago uk,Awin,Direct,Google PPC,Travel,05-10-26,Live,Testing,"₹2,156.98",₹0.00,"-₹2,156.98",-100.00,₹2.17,994,,"₹5,000.00",Generic
Trivago NZ,Salegain,Direct,Google PPC,Travel,05-10-26,Paused,Healthy,₹0.00,₹0.00,₹0.00,#DIV/0!,₹1.53,,,"₹1,000.00",Generic,,no conversion update,Paused
Trivago us,Awin,alliances,Google PPC,Travel,05-10-26,Live,Healthy,"₹1,924.32",₹0.00,"-₹1,924.32",-100.00,₹2.11,912,,"₹1,000.00",Generic
Trivago uk,Awin,Direct,Google PPC,Travel,06-10-26,Live,Testing,"₹1,642.69",₹0.00,"-₹1,642.69",-100.00,₹2.17,757,,"₹5,000.00",Generic
Trivago us,Awin,alliances,Google PPC,Travel,06-10-26,Live,Healthy,"₹1,632.12",₹0.00,"-₹1,632.12",-100.00,₹2.01,812,,"₹1,000.00",Generic
Trivago uk,Awin,Direct,Google PPC,Travel,07-10-26,Live,Testing,₹0.00,₹0.00,₹0.00,#DIV/0!,₹2.01,,,"₹5,000.00",Generic
Trivago us,Awin,alliances,Google PPC,Travel,07-10-26,Live,Healthy,₹0.00,₹0.00,₹0.00,#DIV/0!,₹3.31,,,"₹1,000.00",Generic